id,directory,listing_title,listing_content,tag,category,publish_date,atbdp_post_views_count,listing_img,videourl,tagline,custom-url
"3840","general","Jean-Pierre Filippini","Jean-Pierre Filippini is a true embodiment of an innovative and people-centric leader. His sterling record showcases a profound understanding of commercial strategies and a commitment to producing results. His passion for integral leadership extends beyond merely setting goals; he creates a conducive environment that allows individual talents to flourish. He treats every challenge as an opportunity for innovation, bringing forth fresh and unconventional perspectives. But perhaps his greatest strength is in coaching. He is not just a guide; he is a mentor, providing a second opinion that is steeped in years of experience and wisdom. His hands-on approach to nurturing growth, development and success is truly inspiring. Filippini's style of leadership is unique and impactful. When he gives a second opinion, you know it's backed by a rich reservoir of knowledge and insight.

&nbsp;

[booknetic staff=72]","","Board Advisory,Corporate Strategy,Leadership Development,Purpose,Sales Strategy","2023-05-19 13:54:13","325","https://xpertopinion.be/wp-content/uploads/2023/05/xpert-jean-pierre-filippini.jpg","","","https://www.linkedin.com/in/jean-pierre-filippini-06a81a4/"
"3499","general","Inge Van Belle","Inge Van Belle, with her unique blend of 12+ years in start-ups/scale-ups and 10+ years of corporate experience in business consulting, PR, B2B sales, and marketing, primarily in ICT, is an expert in employee engagement and corporate culture. As a former Director of Communications, she applied her skills during the merger of Telindus and Proximus, further cementing her expertise. Having led employee experience projects in 10 countries, she has validated theoretical knowledge with practical experience, specializing in the 12 drivers of employee engagement and organisational culture.

As a Co-Founder of Herculean Alliance, she's committed to addressing the challenges of employee disconnection in hybrid work environments. Her book, “Employee Engagement, what else?” co-authored with Klaus Lommatzsch, is a testament to her mission. Also, her work as a strategic advisor to Dubai Police and as a keynote speaker for the United Nations Women underscores her authority in the field.

&nbsp;

[booknetic staff=57]

&nbsp;

&nbsp;","","Culture &amp; Diversity &amp; Inclusion,employer Value Proposition and Branding,Engagement","2023-05-14 21:10:44","393","https://xpertopinion.be/wp-content/uploads/2023/05/xpert-inge-van-belle.jpg","","","https://www.linkedin.com/in/ingevanbelle/"
"3428","general","Bjorn Crul","Bjorn Crul is an outstanding expert, offering a 360° perspective on the world of communication, with experience spanning print, radio, TV, events, and social media. His diverse background includes work at VRT, Focus-WTV, Roularta, and KanaalZ, among others.

Today, Bjorn applies his expertise in B2B communication, providing strategic advice, press relations, copywriting, and journalistic services to a wide range of clients. Blessed with a healthy dose of creativity and strategic insight, Bjorn is passionate about engaging audiences with compelling content and clear messaging.

Choosing Bjorn Crul for a second opinion guarantees expert guidance and support from a seasoned communication professional. Trust in his expertise, and seize the opportunity to elevate your organization's communication strategy under his direction. Let Bjorn's knowledge and experience inspire you to reach new heights in audience engagement and business success.

&nbsp;

[booknetic staff=53]","","Event Marketing,Go 2 Market,Podcasts in the mix,Pr&amp;Communication,Public Relations","2023-05-08 21:43:13","470","https://xpertopinion.be/wp-content/uploads/2023/05/xpert-bjorn-crul.jpg","","","https://www.linkedin.com/in/bjorncrul/"
"3415","general","Birgit Wauters","Birgit Wauters is to provide an Xpertopinion via a one-hour video call, with extensive experience in customer interaction and CRM capabilities. Having served at AXA and ING, she possesses a deep understanding of consumer behavior and marketing communication.

Birgit's impressive academic background, including a PhD in Applied Sciences from Vrije Universiteit Brussel, equips her with valuable insights to transform your organization's approach to customer engagement. As an educator, she effectively communicates complex concepts, ensuring a productive and insightful video call.

Choosing Birgit Wauters guarantees expert guidance and support from a seasoned professional. Trust in her expertise, and seize the opportunity to elevate your organization's customer interaction strategy under her direction. Let her knowledge and experience inspire you to reach new heights in customer engagement and business success.

&nbsp;

[booknetic staff=50]","","Digital &amp; Social Marketing,Funnel Analysis,Lead Generation,Product Management,Strategic Marketing","2023-05-07 21:14:49","429","https://xpertopinion.be/wp-content/uploads/2023/05/xpert-birgit-wauters.jpg","","","https://www.linkedin.com/in/birgit-wauters-77328729/"
"3409","general","Tine Van Brandt","Tine Van Brandt is the perfect expert to provide a second opinion via a one-hour video call, thanks to her extensive leadership experience as a change catalyst in large organizations. Tine's expertise in spearheading end-to-end transformations, from strategy to operational results, makes her uniquely qualified to offer valuable insights and guidance.

In a single hour, Tine can help identify areas of growth, design effective organizational strategies, and set a course for success. Her proven ability to drive change and foster innovation will inspire you to transform your organization and unlock its full potential.

Tine's holistic approach, encompassing organizational design, programming, planning, and delivery, ensures comprehensive solutions tailored to your needs. As an experienced leader, her perspectives are invaluable in navigating the rapidly evolving business landscape.

&nbsp;

[booknetic staff=48]","","Channel Sales,Product Management,Recruitement &amp; Onboarding,Startup &amp; Scaling","2023-05-07 05:51:38","476","https://xpertopinion.be/wp-content/uploads/2023/05/xpert-tine-van-brandt.jpg","","","https://www.linkedin.com/in/tine-van-brandt-57b397/"
"3403","general","Jan Colpaert","Jan Colpaert's vast experience and skill set make him the ideal expert for a second opinion. As a marketing and retail director, he boasts a proven track record in fast-moving consumer goods and fashion/apparel industries. His expertise in brand strategy, data-driven marketing, and retail marketing showcases his mastery of the field.

Jan's international experience in fast-paced environments has refined his ability to adapt and excel under pressure. A results-driven strategist, his 'out of the box' thinking speaks to his creativity and innovation.

Jan's dynamic leadership and ability to inspire teams set him apart. Specializing in global brand stewardship, advertising, communications, brand positioning, digital marketing, store concepts, retail marketing, team building, and change management, his expertise is unparalleled.

Trust Jan Colpaert for insightful guidance and unmatched support. Be inspired by his passion and expertise, and watch your business flourish under his expert guidance. Seek no further than Jan Colpaert for a unique perspective and innovative solutions.

&nbsp;

[booknetic staff=46]","","Branding,Digital &amp; Social Marketing,Event Marketing,Purpose,Strategic Marketing","2023-05-07 05:29:41","410","https://xpertopinion.be/wp-content/uploads/2023/05/xpert-jan-colpaert.jpg","","","https://www.linkedin.com/in/jan-colpaert-b705388/"
"3336","general","Gino Geysermans","Gino Geysermans is a sales expert with over 20 years of experience in different sales and management roles. He has led both sales and pre-sales teams primarily in Large Enterprise. Experience matter expert in integrating sales teams post acquisition,steering teams through times of change and sales enablement. He is human-oriented and contagious in his enthusiasm. He tends to bring out the best in people and make teams perform above expectation. He believes in strengthening the stronger skills than focus on the less developed ones.

&nbsp;

He is open-minded, discreet and professional which makes it easy for him to win over people. Establishing trustworthy and sustainable relations, both with colleagues and customers is second nature.

Being a translator his communication skills help to build bridges and clearly communicate. His ability to empathize with people and his overall interest in different cultures have often made it easy for him to mediate and anticipate.

&nbsp;

[booknetic staff=45]","","account &amp; opportunity,Channel Sales,Remuneration &amp; Incentives,Sales Strategy,Value Selling","2023-05-04 21:38:40","292","https://xpertopinion.be/wp-content/uploads/2023/05/xpert-gino-geysermans.jpg","","","https://www.linkedin.com/in/gino-geysermans-0b97962/"
"3323","general","Nathalie Delaere","Nathalie Delaere, a seasoned professional with 26 years of experience in the financial sector and a recently earned Master of
Arts in Gender and Diversity. Nathalie offers a truly unique combination of experience as a senior executive manager and
expertise in diversity and inclusion.
With a background in law, Nathalie has honed her expertise in the field, having spent 9 years as an attorney and 17 years as general
counsel and tax director of a prominent Belgian financial institution.
Having recently graduated magna cum laude with a Master's thesis on gender equality in the Belgian financial sector, Nathalie has a clear
vision on the subject. With this extensive research, she has a unique and valuable perspective on the professional challenges faced by
women, the steps that can be taken to overcome them and how to increase substantive gender equality in organizations.

With a wealth of experience and a deep understanding of the intersection between finance and diversity &amp; inclusion, she is now
starting a new venture that aims to raise awareness about substantial equality and inspire action towards sustainable inclusion in
companies.

&nbsp;

[booknetic staff=38]","","Board Advisory,Culture &amp; Diversity &amp; Inclusion,Leadership Development,Purpose,Sustainability","2023-05-04 20:37:37","393","https://xpertopinion.be/wp-content/uploads/2023/05/xpert-nathalie-delaere-1.jpg","","","https://www.linkedin.com/in/nathalie-delaere/"
"3301","general","Laurence Vanhoenacker","<blockquote>Laurence beschikt over een stevige expertise in strategisch management en is gekend voor haar enthousiaste, resultaatgerichte en no-nonsens aanpak.

Ze is 20 jaar aan de slag binnen Wolters Kluwer Legal&amp;Regulatory en vandaag o.a. verantwoordelijk voor de bedrijfsstrategie en de implementatie ervan.

In haar vrije tijd is ze ook meter bij Plato (VOKA) om al even enthousiaste ondernemers bij te staan met raad en daad zodat ze de goede keuzes kunnen/leren maken om verder te groeien met hun bedrijf.

Uw onderneming naar een volgend niveau brengen, daar draait het om.

Zij zal u helpen de juiste inzichten te geven met betrekking tot uw core portfolio &amp; business. Vervolgens kan zij u begeleiden in het maken van de juiste weloverwogen keuzes.

En tenslotte kan ze u adviseren in het uittekenen van groeistrategieën zowel horizontaal als verticaal (fusies en overnames, innovatie, continue verbetering, marktontwikkeling, etc.).

Elke beslissing moet een impact hebben op de waarde van uw onderneming. Voor minder gaan we niet.

Binnen het team van XpertOpinion is zij dus zeker een ideale sparringpartner om uw idee te challengen of om u een 2de mening te geven als u even door de bomen het bos niet meer ziet.

Haar vakgebieden: Bedrijfsstrategie opzetten en implementeren, Portfolio en business-analyse, Marktanalyse, Groeistrategieën bepalen, Purpose, en Business Ideeën challengen.</blockquote>
&nbsp;

[booknetic staff=32]","","Business Ideas,Corporate Strategy,Project Management,Purpose,Value Selling","2023-05-02 21:55:17","368","https://xpertopinion.be/wp-content/uploads/2023/05/xpert-laurence-vanhoenacker.jpg","","","https://www.linkedin.com/in/laurencevanhoenacker/"
"3297","general","Griet De Bevere","'The common thread throughout my activities is building a sustainable well-being policy. With a focus on the interaction between physical and mental health, combined with the acquisition of the right skills, I am an expert in my domain. My passion is to empower organizations, teams, and individuals, helping them to become resilient and harness their strengths. As an expert in business-related matters, Griet is the perfect person to provide a second opinion and help guide decisions towards success.'

&nbsp;

&nbsp;

[booknetic staff=30]","","Compen &amp; Ben,HR tooling,Hybrid Working,Leadership Development,Learning and Talent Development,People Strategy","2023-05-02 21:39:05","337","https://xpertopinion.be/wp-content/uploads/2023/05/xpert-griet-de-bevere.jpg","","","https://www.linkedin.com/in/grietdebevere/"
"3242","general","Sien Jans","Sien Jans is a great expert to provide a second opinion because of her unique combination of creativity and technical skills. As a graphic designer, she has a deep understanding of visual communication and a keen eye for aesthetics. She uses these talents to craft compelling logos, design captivating marketing materials, and develop stunning illustrations that deliver impactful designs.

In the realm of digital marketing, Sien employs a data-driven approach to develop and implement effective marketing strategies. From web design to search engine optimization (SEO) and from social media marketing to content creation, she has the expertise to help businesses succeed in the digital age. With her combination of creativity and technical know-how, Sien is the perfect person to provide a second opinion on any design or marketing project

&nbsp;

[booknetic staff=15]","","Branding,Digital &amp; Social Marketing,Event Marketing,Go 2 Market,Pr&amp;Communication,Social Marketing","2023-04-28 21:27:30","432","https://xpertopinion.be/wp-content/uploads/2023/04/xpert-sien-jans.jpg","","","https://www.linkedin.com/in/sienjans/"
"3168","general","Dieter Crappé","Dieter Crapp<span lang='EN-US'>é</span> is a business-oriented professional with a strong analytical <span lang='EN-US'>&amp;</span> financial skillset<span lang='EN-US'> combined with commercial know how. He is</span><span lang='EN-US'> </span>supporting executive teams (CEO/CMO/CFO) on transformational (growth) projects including commercial (go-to-market, customer segmentation<span lang='EN-US'>, distribution strategy</span> &amp; product proposition) and general strategy development &amp; execution<span lang='EN-US'>. He has been involved in many </span>M&amp;A<span lang='EN-US'> deals within the TMT industry as an advisor to private equity and industry players with a focus on commercial and financial due diligence, business case modelling &amp; valuation and project management.<u></u><u></u></span>

<span lang='EN-US'>Dieter has gained P&amp;L and commercial responsibilities as head of JIM Mobile and was closely involved in Mobile Vikings’ growth path up until its sale towards DPG Media. He has revamped VOOMobile from an add-on service offering towards Belgium’s largest MVNO by 2021 (+350k customers) and has developed Zuny, VOO’s full digital operator, from scratch (IT, operations, commercial &amp; finance). Lately, Dieter has developed a new price comparison business for DPG Media.<u></u><u></u></span>

<span lang='EN-US'>Dieter</span> is an independent sounding board and challenger of the status quo <span lang='EN-US'>whereby he translates complex challenges into comprehensible, tangible and pragmatic solutions</span>. <u></u><u></u>

Based on his experience and expertise in strategy development and execution, M&amp;A, controlling/budgeting/business case development, international business &amp; corporate development, set up of joint ventures and profound strategic partnerships, Dieter Crapp<span lang='EN-US'>é</span> would be an excellent choice for providing a second opinion.

&nbsp;

[booknetic staff=43]","","account &amp; opportunity,Business Case Modelling,complex Deal Structuring,Funnel Analysis,M&amp;A / Due Dilligence,Product Management,Value Selling","2023-04-26 22:32:09","378","https://xpertopinion.be/wp-content/uploads/2023/04/xpert-dieter-crappe.jpg","","","https://www.linkedin.com/in/dietercrappe/"
"3089","general","Jan Paesen","Jan Paesen is a great expert to provide a second opinion because of his <strong>25+ years professional experience</strong> in a wide variety of industries such as Banking, Manufacturing, Consultancy Services, and Telecom. He has worked in different domains such as Finance, IT, Product Management, Solution Sales, and Marketing. He has also worked in companies of different sizes ranging from startups to big corporate organizations. Jan Paesen has held different roles in his career ranging from Analyst to VP/Director Exco -1 in a ‘Bel20’ listed company.

His key experience areas include Strategic Marketing, Digital &amp; Content Marketing, Branding &amp; Communication, Product Management &amp; Go-To-Market, Program &amp; Project Management, Team Facilitation / People / Change Mgt, Budgeting &amp; Forecasting, Business Case / Financial Modelling, Vendor / Partnership Management, Business Development / Strategy &amp; Innovation.

&nbsp;

[booknetic staff=75]

&nbsp;

&nbsp;","","Branding,Business Ideas,Channel Makreting,Startup &amp; Scaling,Strategic Marketing","2023-04-22 11:55:07","383","https://xpertopinion.be/wp-content/uploads/2023/04/xpert-jan-paesen.jpg","https://www.youtube.com/watch?v=6LVupNFPTPw","","https://www.linkedin.com/in/janpaesen/"
"3047","general","Chris Demeyere","Chris Demeyere is a social media and digital marketing consultant with a lot of experience in both the public and private sectors as a social media manager.  His fields of expertise are social media strategy, marketing, advertising, conversation management, community management. He is also a recurring guest lecturer at KdG University College, Ehsal Management School, Vives Brugge and the Belgian Association of Marketing.

Based on his experience and expertise in social media management and digital marketing, Chris Demeyere can provide valuable insights and recommendations on how to improve your social media presence and strategy.

&nbsp;

[booknetic staff=26]","","Branding,Digital &amp; Social Marketing,LinkedIn : Marketing - Sales - Recrutement,Pr&amp;Communication","2023-04-14 06:01:11","340","https://xpertopinion.be/wp-content/uploads/2023/04/xpert-chris-demeyere.jpg","","","https://www.linkedin.com/in/chrisdemeyere/"
"3038","general","Jackie Janssen","Jackie Janssen is a great expert to provide a second opinion because of his passion for helping individuals and teams in their development. He combines fun, improvement and inspiration to achieve results and has a personal passion for blending his outside interests into his career. He is a public speaker and entertrainer who loves to twist the minds of his audience. His specialisms include ICT development , Data Management, hands-on use of AI

&nbsp;

[booknetic staff=56]","","Artificial Intelligence,Board Advisory,ICT strategy &amp; Organization,IT Architecture,Startup &amp; Scaling","2023-04-13 05:01:15","501","https://xpertopinion.be/wp-content/uploads/2023/04/xpert-jackie-janssen.jpg","","","https://www.linkedin.com/in/jackiejanssen/"
"3029","general","Remy Knecht","Remy Knecht is a <strong>Chief Security Officer</strong> at itsmeDigitalID. He has a special interest in Digital Identity, Cyber Security and Digital Transformation. <a class='tooltip-target' data-citationid='e2cd0f0f-2f44-e963-3fb6-2fafad55726b-7-group'>He is also an expert in Digital ID World Economic Forum</a><a class='ac-anchor sup-target' href='https://be.linkedin.com/posts/remyknecht_giac-security-operations-manager-gsom-was-activity-6950549339173752832-gSLG' target='_blank' rel='noopener' data-citationid='e2cd0f0f-2f44-e963-3fb6-2fafad55726b-7' aria-label='Remy Knecht on LinkedIn: GIAC Security Operations Manager (GSOM) was ...'><sup>2</sup></a>. He has been a partner at Flying Forward 2020<a class='tooltip-target' data-citationid='e2cd0f0f-2f44-e963-3fb6-2fafad55726b-11-group'> and a director at Digie</a><a class='ac-anchor sup-target' href='https://be.linkedin.com/posts/remyknecht_giac-security-operations-manager-gsom-was-activity-6950549339173752832-gSLG' target='_blank' rel='noopener' data-citationid='e2cd0f0f-2f44-e963-3fb6-2fafad55726b-11' aria-label='Remy Knecht on LinkedIn: GIAC Security Operations Manager (GSOM) was ...'><sup>2</sup></a>. He has been recognized as an industry expert by FATF and Cyber Sec Expert EU CyberNet. <a class='tooltip-target' data-citationid='e2cd0f0f-2f44-e963-3fb6-2fafad55726b-17-group'>He is also a member of GIAC Advisory Board - GSEC</a>

&nbsp;

Based on his experience and expertise, Remy Knecht can provide a second opinion on topics related to Digital Identity, Cyber Security and Digital Transformation.

&nbsp;

[booknetic staff=73]","","Cloud Services,GDPR regulation,Security,Web3 &amp; Metaverse","2023-04-09 06:09:19","260","https://xpertopinion.be/wp-content/uploads/2023/04/xpert-remy-knecht.jpg","","","https://www.linkedin.com/in/remyknecht/"
"2974","general","Inès Herbosch","<span class='s7'>Inès Herbosch is a </span><span class='s8'>Chief Data Officer (CDO)</span><span class='s7'> at FOD </span><span class='s7'>Justitie</span><span class='s7'>/SPF Justice and has been nominated for CDO of the Year 2022. She</span><span class='s7'> has a business background and</span><span class='s7'> is an expert in </span><span class='s8'>data strategy, data governance</span><span class='s8'> &amp; management</span><span class='s8'>, </span><span class='s8'>digital transformation, business strategy</span><span class='s8'> and marketing automation</span><span class='s7'>. She has worked in various industries such as non-profit, pharmacy, telco, IT and FMCG. Her approach is long-term but pragmatic, hands-on, creative strategic thinking, helicopter view and co-creation. She works in agile mode with Scrum and Sociocracy 3.0 methodology.</span>
<p class='s10'><span class='s7'>Based on her experience and expertise in data strategy and management, Inès Herbosch can provide a second opinion that can help you make informed decisions regarding your </span><span class='s7'>data challenges and business &amp; data</span><span class='s7'> strategy. Her focus on bringing added value to businesses makes her an excellent choice for providing a second opinion that can help you achieve your business goals.</span></p>
&nbsp;

[booknetic staff=13]

&nbsp;","","Business Ideas,Data Management &amp; Governance,Digital Transformation","2023-04-04 22:18:37","391","https://xpertopinion.be/wp-content/uploads/2023/05/IMG_3282.jpeg","","","https://www.linkedin.com/in/in%C3%A8s-herbosch-19588510b/"
"2969","general","Frank van der Ent","Frank van der Ent is a great expert to provide a second opinion because of his extensive experience in commercial strategy, go-to-market strategy, consolidation or integration process, growth or scale-up phase, business development, and mergers and acquisitions. He has a track record in general and commercial management positions in both corporate and smaller organizations. He is result-driven with a strong financial basis and an energetic team builder with the ability to align various interests from technical, operational, and commercial perspectives. His focus is not limited to the telecommunications and ICT industry in Belgium and the Netherlands. Based on his experience, he has the ability to analyze, define a strategy or solution, and execute.

&nbsp;

[booknetic staff=37]","","Channel Sales,Corporate Strategy,Go 2 Market,Sales Strategy,Sales Tooling,Startup &amp; Scaling","2023-04-04 22:08:36","307","https://xpertopinion.be/wp-content/uploads/2023/04/xpert-Frank-van-der-Ent.jpg","","Xpert Sales & G2Market strategy","https://www.linkedin.com/in/frankvanderent/"
"2966","general","Tom Schuyten","Tom Schuyten is a great expert to provide a second opinion because he has a wealth of experience in software development and education. He is a co-founder of Gift2Give and Plugin2Drive, which are both software development companies that specialize in creating innovative solutions for their clients. He is also a lecturer at PXL, where he teaches students about software development. Tom Schuyten has a strong background in Java and backend Spring development, which makes him an expert in these fields. Additionally, he is an Atlassian enthusiast, which means he has extensive knowledge of Atlassian products. His experience and expertise make him an excellent choice for providing a second opinion on software development projects.

&nbsp;

[booknetic staff=58]","","API Management,Artificial Intelligence,Cloud Services,ICT tooling,IT Architecture","2023-04-04 22:04:37","317","https://xpertopinion.be/wp-content/uploads/2023/04/xpert-tom-schuyten.jpg","","","https://www.linkedin.com/in/tomschuyten/"
"2963","general","Koert Van Espen","Koert Van Espen has over 30 years of experience in consulting in information security, digital transformation, and privacy. He is managing partner of Apogado, and previously was cabinet member of the Secretary of State for Privacy. Koert had various senior positions in IBM, Philips and several consulting companies. He is also an entrepreneur and investor in innovative technologies such as semantic technology, AI, and even innovative music instruments.

Based on his specialities which include procurement &amp; vendor selection, GDPR &amp; privacy, information security, musical instrument design, and entrepreneurship, Koert Van Espen would be a great expert to provide a second opinion.

&nbsp;

[booknetic staff=22]","","Data Management &amp; Governance,Data Privacy Services,Security","2023-04-04 21:51:36","337","https://xpertopinion.be/wp-content/uploads/2023/04/xpert-koert-van-espen.jpg","","Xpert architecture and privacy","https://www.linkedin.com/in/koertvanespen/"
"2949","general","Steven Logghe","<blockquote>
<div>
<div dir='ltr'>
<div>

Dr. Ir. Steven Logghe is an expert in traffic engineering and data analysis with extensive experience in Floating Car Data, data fusion, traffic management, multimodal route planners and C-ITS solutions. He has worked for several companies including Be-Mobile before founding Movias in May 2021 where he continues to pursue his passion for traffic and mobility with assignments related to data, innovation, business development and governance.

His expertise in traffic engineering and data analysis makes him a great expert to provide a second opinion on any project related to these areas.

</div>
[booknetic staff=60]

</div>
</div></blockquote>","","(Fleet) Transition to Electric","2023-04-03 04:48:51","262","https://xpertopinion.be/wp-content/uploads/2023/04/xpert-steven-logghe.jpg","","Xpert Mobility","https://www.linkedin.com/in/steven-logghe-80bb401/"
"2945","general","Aldo Peeters","Aldo Peeters is a widely interested and experienced energy consultant with a strong interest in energy policy and larger energy systems. He has an accent on industrial energy efficiency, but also integration of renewable energy, flexibility and storage. He is also experienced in the conceptual aspects of district heating systems and deep geothermal energy. Aldo Peeters has coached young engineers in his field of expertise.

Based on his experience and expertise, Aldo Peeters would be a great expert to provide a second opinion on your text about industrial energy efficiency, renewable energy integration, flexibility and storage, district heating systems and deep geothermal energy.

&nbsp;

[booknetic staff=61]","","(Fleet) Transition to Electric,Business Case Modelling,Procurement , RFI , RFP,...,Project Management,Renewable Energy,Sustainability","2023-04-03 04:39:37","420","https://xpertopinion.be/wp-content/uploads/2023/04/xpert-aldo-peeters.jpg","","Xpert  Renewable Energy","https://www.linkedin.com/in/aldo-peeters-9924702/"
"2937","general","Grim Sekeris","Grim Sekeris is the Shared Services Manager Process Assurance; Continuous Improvement at Indaver and visiting professor at KULeuven.
At Indaver, Grim works intensively and pro-actively at two of the building blocks that make their company to what they have become today and to what they will grow further: Assuring process
performance and continuously improving processes. Grim has a wide experienced in improvements (Certified Black Belt), managing innovative projects, implementing changes,
implementing and improving performance of Management Systems (e.g. ISO) , this all gathered organization-wide, with focus on 3 major elements: EBITDA increase, efficiency increase and
compliance.

Grim is also a visiting professor on applied data analytics at the University of Leuven.

Based on his experience and expertise, Grim Sekeris would be a great expert to provide a second opinion on your project

&nbsp;

[booknetic staff=62]","","(Fleet) Transition to Electric,Data Management &amp; Governance,General Services,Procurement , RFI , RFP,...,Project Management,Sustainability","2023-04-02 21:19:38","360","https://xpertopinion.be/wp-content/uploads/2023/05/xpert-Grim-Sekeris.jpg","","","https://www.linkedin.com/in/grim-sekeris-2139574/"
"2928","general","Ronald van den Berg","Ronald van den Berg is a Senior Professional with profound experience in developing and managing teams and leading special business projects for Purchasing and Manufacturing Operations. He has expertise in Purchasing Management for 19 years and has covered all Indirect categories + some Direct.

Ronald van den Berg has also built, coached, and developed a large team across EU, including Senior Experts. He developed a cooperation model with local site buyers and has excellent communication &amp; reporting skills to all levels (MPE to CEO). He facilitated Cultural Change Programs and the synergy program during a merge.

He has led an international team based in Italy to source from India, China, Taiwan for Low-Cost Country Sourcing. Ronald van den Berg has also led major production transfer &amp; closure projects and set up manufacturing site + operational plant leadership with P&amp;L responsibility.

Ronald van den Berg’s expertise in Purchasing Management, Leadership &amp; Change Management, Low-Cost Country Sourcing, Manufacturing Restructuring Projects / Plant Operations makes him an excellent expert to provide a second opinion

&nbsp;

[booknetic staff=63]","","Facility Management,Fleet Management,General Services,Office Management,Process Optimalisation,Procurement , RFI , RFP,...,Project Management","2023-04-02 20:59:48","242","https://xpertopinion.be/wp-content/uploads/2023/04/xpert-Ronald-van-den-Berg.jpg","","Xpert Purchasing  ,M&A","https://www.linkedin.com/in/vandenbergronald/"
"2925","general","Kris Vandenberk","<a class='tooltip-target' data-citationid='245442ab-61ac-6d01-36af-44292dc40ca6-3-group'>Kris Vandenberk is a great expert to provide a second opinion because he has over <strong>20 years of international experience</strong> in venture capital, management consulting, corporate development, finance and innovation delivery</a>. He is currently a Director at <strong>Agio Capital</strong> leading cross-border transactions (fundraising, M&amp;A) in the Technology industry. His investment and board experience include i.a. CoScale (acquired by New Relic), CHILI Publish, InvestSuite, Ontoforce, PieSync (acquired by HubSpot), Porphyrio (acquired by Evonik), ScriptBook, Teamleader (acquired by Visma), THEO Technologies, Viloc, and Waylay.

Kris Vandenberk has a Master’s degree in Computer Science from the University of Antwerp (Belgium) and an MSc in Finance from TIAS Business School (Netherlands).

&nbsp;

[booknetic staff=64]","","complex Deal Structuring,Digital Transformation,M&amp;A / Due Dilligence,Startup &amp; Scaling","2023-04-02 20:48:41","332","https://xpertopinion.be/wp-content/uploads/2023/04/xpert-kris-vandenberk.jpg","","Xpert on corporate structuring","https://www.linkedin.com/in/krisvandenberk/"
"2922","general","Sam Bruynseels","Sam Bruynseels is an expert in his field with years of experience and a proven track record. He has worked with some of the biggest names in the industry and has a wealth of knowledge that he can draw upon to provide a second opinion. Sam’s expertise is not just limited to his former employers, but extends to all areas of his field. He is passionate about what he does and is always looking for ways to improve and innovate. Sam’s ability to think outside the box and come up with creative solutions is what sets him apart from others in his field. If you’re looking for someone who can provide a fresh perspective and valuable insights, then Sam Bruynseels is the expert you need.

&nbsp;

[booknetic staff=76]","","account &amp; opportunity,Board Advisory,Budgetting,Business Case Modelling,complex Deal Structuring,M&amp;A / Due Dilligence","2023-04-02 20:40:27","385","https://xpertopinion.be/wp-content/uploads/2023/04/xpert-sam-bruynseels.jpg","","","https://www.linkedin.com/in/sambruynseels/"
"2919","general","Catherine de Dorlodot","Catherine de Dorlodot is an experienced trilingual executive with a collaborative people management style. She has a proven track record of driving multi-disciplinary teams to value maximization from strategy to execution. Her expertise in leadership, interpersonal skills, change management, teamwork, culture, coaching &amp; mentoring, ethics &amp; technologies, facilitation, executive management, budget management, B2B strategy, distribution, business development, innovative eco-systems, efficiency &amp; operations, problem-solving, process management, project management, public affairs, corporate governance, M&amp;A, risk management, legal &amp; regulatory and contract negotiations make her an ideal candidate for a stimulating opportunity as a leader in regulated or public operations with transformational challenges.

Catherine’s experience in general management and transformation in the ICT sector (B2B wholesale telecom) has made her a recognized leader in the industry. Her ability to provide a second opinion is based on her extensive knowledge and experience in the field. Catherine’s collaborative approach to people management and her ability to drive multi-disciplinary teams make her an inspiring leader who can help organizations achieve their goals

&nbsp;

[booknetic staff=31]","","Board Advisory,Culture &amp; Diversity &amp; Inclusion,Public Relations","2023-04-02 20:32:19","352","https://xpertopinion.be/wp-content/uploads/2023/04/xpert-catherine-de-dorledot.jpg","","Xpert in Corporate and Legal Affairs","https://www.linkedin.com/in/catherine-de-dorlodot/"
"2916","general","Elizabeth Badreddine","Elizabeth Badreddine is a young female corporate leader with roots in Belgium &amp; Lebanon. She has more than 13 years of corporate experience and has broad knowledge of different domains such as products &amp; services, sales &amp; marketing, strategy &amp; transformation, innovation. She has experience in transforming product portfolios from basic connectivity to digital service providers, innovating traditional telco businesses by introducing adjacent solutions<a class='tooltip-target' data-citationid='7b1a1c95-f3ab-12a1-f9df-8a996de15d41-12-group'>, building &amp; managing partner ecosystems to support growth strategies</a>, and building knowledge &amp; network in 3 different domains (customer care, advertisement &amp; product management) in both B2C and B2B contexts. She is a purpose-driven leader who is energised by genuinely connecting with people<a class='tooltip-target' data-citationid='7b1a1c95-f3ab-12a1-f9df-8a996de15d41-18-group'> and embraces diversity at large</a>. Based on her experience and knowledge, Elizabeth Badreddine can provide a second opinion on product management, product launches, marketing done, leadership development and more

&nbsp;

[booknetic staff=29]","","Business Ideas,Leadership Development,Product Management,Sales Strategy,Value Selling","2023-04-02 08:53:22","341","https://xpertopinion.be/wp-content/uploads/2023/04/xpert-Elizabeth-Badreddine.jpg","","","https://www.linkedin.com/in/elizabeth-badreddine/"
"2913","general","Haroen Vermylen","Haroen Vermylen is a great expert to provide a second opinion because of his passion for technology and data, his love for building and teaching, and his experience as the Founder and CTO of Cumul.io. He has skills in data engineering and architecture, data science (predictive modelling, marketing customer intelligence, etc.), analytics with Weka, SSAS, MATLAB, KNIME, etc., data visualization with Cumul.io, d3.js, Tableau, etc., in-depth knowledge of traditional BI platforms including Microsoft BI, SAS, database technology including SQL Server, MySQL, PostgreSQL, Cassandra, etc., and application development in Node.js, Java, etc..

His experience as the Founder and CTO of Cumul.io makes him an expert in data visualization and analytics. He has also worked on an ICON project around AI in education.

&nbsp;

[booknetic staff=41]","","Artificial Intelligence,Cloud Services,Data Management &amp; Governance,IT Architecture,Security,Startup &amp; Scaling","2023-04-02 08:45:51","328","https://xpertopinion.be/wp-content/uploads/2023/04/xpert-haroen-vermylen.jpg","","","https://www.linkedin.com/in/haroen-vermylen-2930a241/"
"2910","general","Filip Michiels","Filip Michiels is a great expert to provide a second opinion because he has a proven track record of helping companies navigate major changes and disruptions. With his strategic enterprise view and digital execution/entrepreneurship skills, he can help companies make the shift they need to stay competitive in today’s fast-paced business environment. Filip has a wealth of experience in this area, having worked with many companies across different industries.

He has a deep understanding of what it takes to succeed in today’s digital landscape and can provide valuable insights and guidance to help companies achieve their goals. If you’re looking for someone who can help you navigate change and disruption, Filip Michiels is definitely someone you should consider

&nbsp;

Filip was Datanews CIO of the year 2019

&nbsp;

[booknetic staff=40]","","Change Management,Digital Transformation,ICT strategy &amp; Organization,IT Architecture","2023-04-02 08:40:02","432","https://xpertopinion.be/wp-content/uploads/2023/04/xpert-filip-machiels.jpg","","","https://www.linkedin.com/in/filipmichiels/"
"2907","general","Olivier Smekens","Olivier Smekens is a great expert to provide a second opinion because he is an experienced and passionate leader/problem solver with a competitive drive to achieve. He has combined international corporate and digital transformation challenges with true entrepreneurship, which makes him an expert in his field. <a class='tooltip-target' data-citationid='76f283e2-1d92-ab57-011b-bafc87c48184-6-group'>He is also the CEO of Soluz.io, a company that specializes in digitalization.</a>

His experience as a senior treasury and finance manager<a class='ac-anchor sup-target' href='https://lu.linkedin.com/in/smekensolivier' target='_blank' rel='noopener' data-citationid='76f283e2-1d92-ab57-011b-bafc87c48184-9' aria-label='Olivier Smekens - Head of Treasury - BREITLING | LinkedIn'><sup>4</sup></a><a class='tooltip-target' data-citationid='76f283e2-1d92-ab57-011b-bafc87c48184-11-group'> and supervisor operations outsourcing</a><a class='ac-anchor sup-target' href='https://be.linkedin.com/in/olivier-smekens-25085397' target='_blank' rel='noopener' data-citationid='76f283e2-1d92-ab57-011b-bafc87c48184-11' aria-label='Olivier Smekens - Supervisor Operations Outsourcing - LinkedIn'><sup>5</sup></a> has given him the skills to manage people, projects, corporate treasury, and operations outsourcing. His excellent writing skills, sense of humor, and ability to foster teamwork make him an excellent choice for providing a second opinion.

&nbsp;

[booknetic staff=24]","","Business Ideas,Corporate Strategy,Renewable Energy,Startup &amp; Scaling,Sustainability","2023-04-01 17:19:24","300","https://xpertopinion.be/wp-content/uploads/2023/04/xpert-olivier-smekens.jpg","","Xpert in product management / problem solver","https://www.linkedin.com/in/oliviersmekens/"
"2904","general","Kristien Manteleers","Kristien Manteleers is a management consultant with over 20 years of experience as a consultant and as an internal manager/consultant. She started up C the C after her experience and appeals to her network of independent consultants to meet all customer’s requirements. <a class='tooltip-target' data-citationid='24716c17-b294-9802-4b54-1ec251c31226-4-group'>Her style is no-nonsense and her strength is that she dares to ask the question</a>. She is a great expert to provide a second opinion because of her extensive experience in leadership, change, and reskilling.

&nbsp;

[booknetic staff=17]","","Change Management,Compen &amp; Ben,employer Value Proposition and Branding,General Services,Leadership Development,Learning and Talent Development,People Strategy,Procurement , RFI , RFP,...","2023-04-01 17:09:23","307","https://xpertopinion.be/wp-content/uploads/2023/04/xpert-kristien-mangeleers.jpg","","Xpert Leadership Development","https://www.linkedin.com/in/kristien-manteleers-14a6384/"
"2901","general","Sandra Vandorpe","Sandra Vandorpe is an expert in Human Resources Management with over 20 years of experience in both national and international environments and within the private and public sectors. She has worked for Arthur Andersen, Deloitte, Belgacom/Proximus, Belgocontrol/Skeyes, Accenture (projects for several large accounts), Engie and has a financial background with 10 years of auditing experience. She is passionate about helping companies become better places to work for their people and succeed for their customers and all stakeholders. Her expertise lies in developing Business and Workforce strategies that support business objectives and designing organizations and project portfolios to implement these strategies. Her experience domains include Talent Management, Leadership Alignment and Development, General HR Management, Employee Engagement, Corporate Culture Change, Employer Branding, HR information Systems &amp; Reporting, as well as Business and Digital transformation.

Sandra Vandorpe is an ‘Out-of-the-usual-box’ thinker with an entrepreneurial mindset who has an instinctive understanding of business objectives and a natural ability to achieve results with people. She recognizes talents in all people and enjoys coaching colleagues at every career level, stimulating them to step outside their comfort zone. With her extensive experience in Human Resources Management and her passion for helping companies succeed, Sandra Vandorpe would be an excellent choice for providing a second opinion.

&nbsp;

[booknetic staff=52]","","Culture &amp; Diversity &amp; Inclusion,employer Value Proposition and Branding,HR tooling,Leadership Development,Recruitement &amp; Onboarding","2023-04-01 16:58:44","286","https://xpertopinion.be/wp-content/uploads/2023/04/xpert-sandra-vandorpe.jpg","","Xpert in Human Resources","https://www.linkedin.com/in/sandra-vandorpe-abb6592/"
"2873","general","Wouter Trappers","Wouter Trappers is a <strong>Data Value Business Partner</strong> with more than <strong>15 years of experience</strong> in Data and Analytics. He helps business leaders to create more value from their data as a <strong>Fractional CDAO</strong>. He is also the founder of Xudo.

Wouter Trappers’ vision is that every organization needs data professionals at its core to launch the business into the future.

Data usage increases across all organization domains
<ul>
 	<li>ICT:
<ul>
 	<li>Data strategy and organization , Data and analytics in digital transformation , Data architecture services , Business intelligence tools and selection , Data management</li>
</ul>
</li>
 	<li>Finance:
<ul>
 	<li>KPI framework and reporting, Financial reporting tools, Data aspects of business controlling, Financial reporting, budgeting, forecasting, Business case modeling</li>
</ul>
</li>
 	<li>People:
<ul>
 	<li>Change management in data projects, Talent reporting tools and setup</li>
</ul>
</li>
 	<li>Sales:
<ul>
 	<li>Funnel analysis and forecasting, Sales reporting tools and setup</li>
</ul>
</li>
 	<li>Technology:
<ul>
 	<li>Cloud-based data tools, AI in business intelligence</li>
</ul>
</li>
</ul>
A Data Consultant who understands the strategy and direction of the business, and whose focus it is to use data to get there.  Aligning business intelligence processes with financial and business processes, implementation projects of corporate performance management software Bright Analytics and business intelligence software QlikSense

Wouter Trappers is a great expert to provide a second opinion because he has extensive experience in data and analytics and has helped business leaders create more value from their data, which makes him an ideal candidate for providing an xpert opinion.

&nbsp;

<span data-sheets-value='{&quot;1&quot;:2,&quot;2&quot;:&quot;wouter@xudo.be&quot;}' data-sheets-userformat='{&quot;2&quot;:2,&quot;4&quot;:{&quot;1&quot;:2,&quot;2&quot;:16767334}}'>[booknetic staff=9]</span>","","Cloud Services,Data Management &amp; Governance,Financial Reporting,KPI / OKR / ESG","2023-03-31 22:06:59","411","https://xpertopinion.be/wp-content/uploads/2023/04/xpert-wouter-trappers2.jpg,https://xpertopinion.be/wp-content/uploads/2023/03/xpert-wouter-trappers.jpg","https://www.youtube.com/watch?v=1xE3tWezLR4","","https://www.linkedin.com/in/woutertrappers/"
"2870","general","Jan Joos","Jan Joos is a seasoned executive leader up to the level of vice-president and CIO on strategic/tactical levels. He has an extra eye on internal processes thanks to process re-engineering, IT alignment as well as procurement efficiency incl. long-tail analysis. He keeps in mind external benchmarking guidelines where appropriate.

He has a profound knowledge and practice in transforming dysfunctional/low-performing teams into streamlined, highly committed and result-driven leadership squads; a profound knowledge and practice he wants to pass to and share with others.

He is very experienced in leading expert driven teams such as those active in real estate, facility management, physical security, fleet as well as in IT. He has a proven track record in problem solving, technology alignment, budget management, goal setting and target reaching.

&nbsp;

[booknetic staff=25]","","Facility Management,Fleet Management,Hybrid Working,Office Management,Project Management","2023-03-31 21:58:30","327","https://xpertopinion.be/wp-content/uploads/2023/03/xpert-jan-joos.jpg","","","https://www.linkedin.com/in/jan-joos-bb66a6/"
"2867","general","Ine Meeussen","Ine Meeussen is a great expert to provide a second opinion on CFO interim and finance outsourcing because she is the founder of UFINITY which provides financial staffing, interim-management, CFO-as-a-service and Anaplan services. She has experience in providing top-tier finance, business, accounting and operational guidance for businesses.

&nbsp;

[booknetic staff=65]","","Financial Reporting,Financial Toolings / ERP,Financing &amp; Subsidies,Hybrid Working,LinkedIn : Marketing - Sales - Recrutement,Recruitement &amp; Onboarding","2023-03-31 21:43:06","396","https://xpertopinion.be/wp-content/uploads/2023/03/xpert-ine-meussen.jpg","","Xpert Finance","https://www.linkedin.com/in/inemeeussen/"
"2864","general","Florence Coppenolle","Florence Coppenolle is a great expert to provide a second opinion because she has <strong>20 years of in-depth experience</strong> in various fields of communication such as internal, external, crisis communication, media strategy, spokesperson, brand and reputation management. She has <strong>practical knowledge</strong> of an International Financial Institution (IFI) and extensive knowledge of politics, Belgian and international organizations and decision-making processes. <a class='tooltip-target' data-citationid='a0d10990-5a14-87b4-5a09-a3924d5dbe4c-9-group'>She is also a <strong>quadrilingual professional</strong> of communication</a><a class='ac-anchor sup-target' href='https://be.linkedin.com/in/florence-coppenolle' target='_blank' rel='noopener' data-citationid='a0d10990-5a14-87b4-5a09-a3924d5dbe4c-9' aria-label='Florence Coppenolle - Directrice de la Communication, du ... - LinkedIn'><sup>1</sup></a>.

She has <strong>effective public affairs and PR experiences</strong>, <strong>large networking</strong> in Belgian and European institutions, media and organizations. <a class='tooltip-target' data-citationid='a0d10990-5a14-87b4-5a09-a3924d5dbe4c-16-group'>She is also experienced in crisis management</a><a class='ac-anchor sup-target' href='https://be.linkedin.com/in/florence-coppenolle' target='_blank' rel='noopener' data-citationid='a0d10990-5a14-87b4-5a09-a3924d5dbe4c-16' aria-label='Florence Coppenolle - Directrice de la Communication, du ... - LinkedIn'><sup>1</sup></a>. She was even in charge of lecture “Ethique de la communication” in Master class Université Catholique de Louvain. She has been described as “A real unique and extremely talented communication professional. She has a bright and strong vision of the communication

&nbsp;

[booknetic staff=66]","","Branding,Pr&amp;Communication,Public Relations","2023-03-31 21:35:04","357","https://xpertopinion.be/wp-content/uploads/2023/03/xpert-florence-coppenolle.jpg","","Xpert Communication","https://www.linkedin.com/in/florence-coppenolle/"
"2846","general","Pieter Meijlaers","Pieter Meijlaers is a great expert to provide a second opinion because he is a technology adept and evangelist, product developer and service/experience improver, and creative out-of-the-box thinker<a class='ac-anchor sup-target' href='https://be.linkedin.com/in/pietermeijlaers' target='_blank' rel='noopener' data-citationid='f84c0095-b7f3-488a-88d6-50e35a0c0bad-2' aria-label='Pieter Meijlaers - Bedrijfseigenaar - i-ViSiT BV | LinkedIn'><sup>1</sup></a>. His personal motto “Creating Mondriaan out of Kandinsky” shows that he always challenges himself to find a straightforward solution in difficult situations.

&nbsp;

[booknetic staff=28]","","Business Case Modelling,Customer Experience,Digital Transformation,Startup &amp; Scaling","2023-03-30 12:22:15","280","https://xpertopinion.be/wp-content/uploads/2023/03/xpert-pieter-meijlaers.jpg","","Xpert in Product & Service Innovation","https://www.linkedin.com/in/pietermeijlaers/"
"2842","general","David Ducheyne","David Ducheyne is an expert in human behavior and strategies. He founded Otolith to help organizations and leaders with their strategies by focusing on human behavior. He believes that both strategy definition and execution are a matter of human behavior. David’s expertise in human behavior makes him a great expert to provide a second opinion on why people do what they do and why they don’t do what they are supposed to do. His experience of more than 25 years of corporate life has given him the knowledge and skills to help organizations and leaders with their strategies. David’s focus on human behavior can help organizations and leaders design, decide, and deliver through purposeful human action

&nbsp;

[booknetic staff=27]","","Change Management,Leadership Development,Purpose,Sustainability","2023-03-30 07:30:03","303","https://xpertopinion.be/wp-content/uploads/2023/03/xpert-david-ducheyne.jpg","","Xpert in Organisational and Leadership Development","https://www.linkedin.com/in/davidducheyne/"
"2807","general","Maarten Verschuere","Maarten Verschuere is an emerging technology leader and speaker who inspires and enables corporates to surf on new waves of technological enhancement. He has worked as an analytical consultant in retail and FMCG for clients including Tesco and P&amp;G while living in London, Paris and Cincinnati. In 2016, he founded Clever, an AI-driven platform for conversational search which was sold to Zoovu Ltd. in 2019. With his mission to create a better tomorrow by helping companies transform enabled by AI and Web3 technologies, Maarten Verschuere is a great expert to provide a second opinion on how companies can leverage these technologies to transform their businesses. His experience in the industry and his passion for emerging technologies make him an ideal candidate for providing insights into how companies can use AI and Web3 technologies to create a better future.

[booknetic staff=8]

&nbsp;","","Artificial Intelligence,Customer Experience,Digital Transformation,Web3 &amp; Metaverse","2023-03-29 08:40:20","345","https://xpertopinion.be/wp-content/uploads/2023/03/xpert-maarten-verschuere.jpg","https://youtu.be/YIIxBgsIlqI","Xpertt in AI and emerging technologies","https://www.linkedin.com/in/martinforsure/"
"2794","general","Horst Remes","Horst Remes is a Customer Strategy Expert. He is passionate about helping other leaders make the transition to a customer-centric and operationally efficient organization. Horst Remes believes that nothing is easier to sell than a product or service from a customer-centric company. He has made it his mission to get management teams to create a distinctive and concrete strategy, and arm them against the ever so tempting management bullshit. He goes looking for the arguments behind the opinions. That’s how everyone gets aligned. He has extensive experience in customer-oriented organizations and has expertise in customer-centric processes, customer satisfaction, and customer experience.

&nbsp;

[booknetic staff=54]","","Board Advisory,Corporate Strategy,Customer Experience,Go 2 Market,Public Relations","2023-03-29 06:55:57","494","https://xpertopinion.be/wp-content/uploads/2023/03/xpert-horst-remesw.jpg","","","https://www.linkedin.com/in/horstremes/"
"2791","general","Bjorn Van Reet","Bjorn Van Reet is a great expert to provide a second opinion because he has a wealth of experience in leadership, vision &amp; strategy, people (HR), innovation, out-of-the-box thinking, architecture, ICT Infrastructure and governance, SOX, ITIL &amp; PRINCE2. He is currently the Chief Information Officer (CIO) at Kinepolis Group<a class='ac-anchor sup-target' href='https://be.linkedin.com/in/bjornvanreet' target='_blank' rel='noopener' data-citationid='cb119586-00f3-8a0a-26d5-6dce6f3bd66d-2' aria-label='Bjorn Van Reet - Chief Information Officer (CIO) - Kinepolis - LinkedIn'><sup>1</sup></a>which is a Belgium fast-growing company with an international footprint active in 9 countries. He has been praised by his peers and won the Chief Digital Officer of the Year Awards 2021.

&nbsp;

[booknetic staff=67]","","Cloud Services,Digital Transformation,ICT strategy &amp; Organization,IT Architecture","2023-03-29 06:09:50","389","https://xpertopinion.be/wp-content/uploads/2023/03/xpert-bjorn-van-reet.jpg","https://www.youtube.com/watch?v=XZk-4ha6CMg","Xpert ICT strategy & organization","https://www.linkedin.com/in/bjornvanreet/"
"2779","general","Stijn Staes","Stijn Staes is an expert in leadership, personal development and business growth. He has a passion for helping individuals and organizations reach their full potential. Stijn’s approach is to help his clients rediscover and strengthen their leadership talents and ambitions. He is an expert to assist you when finding yourself at the crossroads of important career and business decisions. He does this by providing guidance and support throughout the journey. With his expertise, he can help you achieve your goals with more awareness, inspiration, passion, and joy. He can provide a hollistic view on leadership challenges

Stijn is also an enthusiastic podcast maker who interviews progressive, conscious, and inspiring leaders/entrepreneurs in Flanders and international trendsetters. He provides insights into how podcasts can help strengthen a personal brand or how they can be used in an organization’s marketing mix. Visit : <a href='https://studiostijn.com/category/inspirerend-leiderschap/' target='_blank' rel='noopener' data-saferedirecturl='https://www.google.com/url?q=https://studiostijn.com/category/inspirerend-leiderschap/&amp;source=gmail&amp;ust=1681106369889000&amp;usg=AOvVaw1VWGQKia2ZXfaSMmdLXBxB'>https://studiostijn.com/<wbr />category/inspirerend-<wbr />leiderschap/</a> for inspiration

Stijn’s experience in leadership development and business growth makes him an excellent choice for providing a second opinion. His passion for helping others achieve their goals is evident in his work. I highly recommend Stijn Staes as an expert in leadership development and business growth.

&nbsp;

[booknetic staff=20]","","Change Management,Leadership Development,Learning and Talent Development,Podcasts in the mix,Purpose,Recruitement &amp; Onboarding","2023-03-28 09:17:18","301","https://xpertopinion.be/wp-content/uploads/2023/03/xpert-stijn-staes.jpg","https://www.youtube.com/watch?v=BBsgSzGIA94","","https://www.linkedin.com/in/stijn-staes-231b2113/"
"2771","general","Geert Vanoverschelde","Geert Vanoverschelde is an expert in events and live communication. He has a wealth of experience in corporate and B2B events, product launches, staff events, congresses and seminars, public events, hospitalities and offsite meetings. He is also an expert in linear and non-linear TV productions including fiction, reality and documentary programs. His expertise in video productions includes corporate films, commercials, social and online video, recruitment video, virals, after movies, branded content &amp; video marketing. Geert Vanoverschelde is a great expert to provide a second opinion because of his vast experience in the field of events and live communication. He has worked on numerous projects and has a deep understanding of the industry. His expertise in linear and non-linear TV productions as well as video productions makes him a valuable asset to any team. Geert Vanoverschelde’s experience and knowledge make him an excellent choice for anyone looking for a second opinion in these areas.

&nbsp;

[booknetic staff=44]","","Branding,Event Marketing","2023-03-28 07:02:34","237","https://xpertopinion.be/wp-content/uploads/2023/03/xpert-geert-vanoverschelde.jpg","","Xpert in Event Marketing and video&TV production","https://www.linkedin.com/in/geertvanoverschelde/"
"2768","general","Bart De Waele","Bart De Waele is a great expert to provide a second opinion because he has founded some internet companies and is the owner of N-Cube. He is passionate about internet, new technology, communication, transhumanism and entrepreneurship. He is an infovore, saphiofile, gadgetfreak, pattern recognizer and Snow Crash Gargoyle. He has been in business development consulting for years and has over 11K followers on LinkedIn.  He is also a web pioneer who founded Duke &amp; Grace which was formerly known as Netlash.

&nbsp;

[booknetic staff=21]","","Customer Experience,Digital &amp; Social Marketing,Startup &amp; Scaling,Strategic Marketing","2023-03-27 22:10:39","558","https://xpertopinion.be/wp-content/uploads/2023/03/xpert-bart-de-waele.jpg","https://youtu.be/9xJ8NwMBw-4","Xpert Marketing and Scale-up","https://www.linkedin.com/in/netlash/"
"2748","general","Hans Smellinckx","Hans Smellinckx is a great expert to provide a second opinion because he has a wealth of experience and knowledge in various fields and industries. He is not only a strategist, but also a change agent, a people manager, an entrepreneur, a marketing and sales leader, a keynote speaker, and a writer. He has worked with big names such as Thomas Cook, Coca-Cola, Ikea, and many others, and has transformed businesses digitally and internally. He has also mentored start-ups and scale-ups through The Birdhouse program, helping them grow from within. He has a global perspective and a passion for innovation and excellence. Hans Smellinckx is the ideal person to give you a fresh and insightful perspective on your business  sales challenges and opportunities.

&nbsp;

[booknetic staff=51]","","Corporate Strategy,Lead Generation,LinkedIn : Marketing - Sales - Recrutement,Sales Strategy,Strategic Marketing","2023-03-26 14:42:37","298","https://xpertopinion.be/wp-content/uploads/2023/03/xpert-hans-smellinckx.jpg","","Sales and Marketing Alignment Xpert","https://www.linkedin.com/in/hanssmellinckx/"
"2734","general","Mic Adam","Mic Adam is a great expert to provide a second opinion on your social media strategy and execution. He has more than 40 years of experience in international B2B and B2C sales, marketing and general management. He is a certified LinkedIn trainer and ambassador, who can help you optimize your LinkedIn profile, strengthen your personal and business brand, and generate more leads and revenue. He can also teach you how to use other social media platforms such as Facebook, Twitter, TikTok, and more. He is the founder of Vanguard Leadership, a social media consulting enterprise that offers coaching, consultancy, and content creation services.

He can help you implement GDPR and social media policies in your organization, enhance your employer branding and employee advocacy, and build your brand through organic and paid campaigns. He focuses on social selling, social recruitment, and employee advocacy.

His clients often see a return of up to 10x on their investment when rolling out platform, social selling and advocacy programs.  He is a thought leader and a keynote speaker who shares his insights and best practices on social media daily. He is the person you need to take your social media strategy to the next level

&nbsp;

[booknetic staff=11]","","LinkedIn : Marketing - Sales - Recrutement,Recruitement &amp; Onboarding,Social Marketing,Social Selling,Value Selling","2023-03-25 09:54:32","292","https://xpertopinion.be/wp-content/uploads/2023/03/xpert-mic-adam-1.jpg,https://xpertopinion.be/wp-content/uploads/2023/03/20210611-FIBE-MAD-06-fin-scaled.jpg","https://youtu.be/304Zcz7b1fM","Social Media Xpert","https://www.linkedin.com/in/micadam/"
"2710","general","Herman Maes","Herman Maes is a great expert to give a second opinion on your digital marketing, privacy and content creation. He has a background in IT as MS SQL Server consultant and SAP HR payroll interface consultant, but he decided to pursue his true passion in digital marketing. He helps companies with SEO optimization, inbound marketing, web analytics, data protection officer, blog and content creation and more. Due to his experience in the agency world he's often requested to participate in agency pitches.

He has a strong ability to communicate and work with both technical and business teams to achieve project success. In his free time, he writes and speaks about his passion for digital marketing, privacy and content creation. Herman is a guest professor at Thomas Moore and the UHasselt.

&nbsp;

Herman Maes is a versatile and experienced expert who can inspire and advise you with his knowledge and vision.

&nbsp;

Helping companies with:
✔ SEO optimization (seo tech audits, migrations,...)
✔ Inbound marketing (HubSpot) and Growth marketing
✔ Web analytics (What's the future with Schrems2?) with Google Analytics migrations, GA4, Plausible Analytics and Google Tag Manager
✔ Data Protection Officer to get you up to speed with the GDPR regulation
✔ Blog and content creation/marketing

&nbsp;

[booknetic staff=12]","","Data Privacy Services,Digital &amp; Social Marketing,Go 2 Market,Lead Generation,LinkedIn : Marketing - Sales - Recrutement,Social Marketing,Strategic Marketing","2023-03-24 22:36:09","405","https://xpertopinion.be/wp-content/uploads/2023/03/xpert-herman-maes.jpg","https://youtu.be/sMCmJV7KWXQ","Digital Marketing & DPO Xpert","https://www.linkedin.com/in/maesherman/"
"2707","general","Tim Groenwals","If you are looking for a second opinion on your IT challenges, you need someone who has the experience, the vision, and the passion to help you succeed. You need Tim Groenwals.

Tim is a seasoned senior leader in cybersecurity, IT strategy, technology innovation &amp; digital transformation. He has a 25-year track record of senior roles for major national organisations such as Agfa, bPost and SNCB/NMBS.

Tim has the insight and direction to align technology, IT architectures and solutions with business needs, create business value, and optimise existing processes. His extensive knowledge about information security and cybersecurity, he can easily pinpoint gaps in your cyberstrategy, and give very practical tips to enhance your cyber resilience and exposure. He has proven his ability to partner with corporate leaders to identify and promote best practices at all levels. He has consistently demonstrated excellence as the champion of transformative initiatives to raise the standard for performance, quality, and efficiency at all levels of IT management and delivery. He has been repeatedly entrusted with transformative digital IT programs.

Tim is not only an expert, but also a leader, a coach, and a motivator. He is the ideal person to provide you with a second opinion that will make a difference. Contact him today.

&nbsp;

[booknetic staff=10]","","Data Management &amp; Governance,Digital Transformation,ICT strategy &amp; Organization,ICT tooling,IT Architecture,Security","2023-03-24 22:14:15","288","https://xpertopinion.be/wp-content/uploads/2023/04/xpert-tim-groenwals.jpg","","CISO , ICT & Transformation Xpert","https://www.linkedin.com/in/tgroenwals/"
"2507","general","Rudy Moenaert","<p style='font-weight: 400;'>Rudy Moenaert is a renowned expert in marketing strategy, business roadmapping and innovation management. He has more than 30 years of experience as a professor, consultant and researcher in these fields. He is the academic director of the Executive Master of Marketing &amp; Customer Management programme at TIAS School for Business &amp; Society, one of the leading business schools in Europe. He has advised many prominent companies such as Fujifilm, Shimano and Barco on how to create and implement visionary marketing strategies.</p>
<p style='font-weight: 400;'>He has also published extensively in prestigious journals and books on topics such as the R&amp;D/Marketing interface, customer value creation and marketing organization. If you are looking for a second opinion from someone who combines academic rigor, practical relevance and inspiring passion, Rudy Moenaert is the ideal person to contact.</p>
<p style='font-weight: 400;'>He published in leading international scientific journals (e.g., the Journal of Product Innovation Management, Management Science, Journal of the Academy of Marketing Science, etc.) and (co-) authored “The Customer Leader”, 'Marketing met Ballen', 'Visionaire Marketing', 'Marketing Strategy and Organization' and 'De pijn van het ondernemen'.</p>
&nbsp;

[booknetic staff=55]","","Board Advisory,Branding,Business Ideas,Channel Sales,Customer Experience,Strategic Marketing","2023-03-21 11:06:24","301","https://xpertopinion.be/wp-content/uploads/2023/03/xpert-rudy-moenaert-1.jpg,https://xpertopinion.be/wp-content/uploads/2023/04/xpert-rudy-2.jpg,https://xpertopinion.be/wp-content/uploads/2023/04/xpert-rudy-3.jpg","https://youtu.be/7aIea9UYc3s","Professor Strategic Marketing , strategic advisor","https://www.linkedin.com/in/moenaert/"
"2273","general","Alain Albertz","Alain Albertz is a great expert to provide a second opinion because he is a passionate finance professional with a no-nonsense and can-do mentality. He specializes in helping start-ups and scale-ups become more professional organizations by supporting growth both organically and by acquisitions, post-merger integration, and setting up communication with investors, banks, and shareholders.

His expertise in finance and his experience in working with start-ups and scale-ups make him an ideal candidate to provide a second opinion. His passion for finance and his no-nonsense approach to business make him an inspiring figure in the world of finance. He is someone who can help guide businesses through the complexities of finance and help them achieve their goals. Alain Albertz is someone who can be trusted to provide sound advice and guidance to businesses of all sizes.

&nbsp;

[booknetic staff=19]","","Business Case Modelling,Business Controlling,Financial Toolings / ERP,KPI / OKR / ESG,Startup &amp; Scaling","2023-03-14 20:35:45","370","https://xpertopinion.be/wp-content/uploads/2023/03/xpert-Alain-Albertz.jpg","","Xpert Corporate Finance","https://www.linkedin.com/in/alain-albertz-62b765/"
"2270","general","Marc Bervoets","Marc Bervoets is an expert in cross-industry negotiations and has been working as a lead business negotiator for large complex arrangements or challenges with existing contracts. He has experience in complex technology delivery roles, diamond client account leadership roles as well as regional DOO roles. With his vast experience and expertise in the field of cross-industry negotiations, he can provide a second opinion that can be trusted and relied upon. His ability to handle complex arrangements and challenges with existing contracts makes him an ideal candidate for providing a second opinion. Marc Bervoets is a great expert who can provide valuable insights and advice that can help you make informed decisions.

&nbsp;

[booknetic staff=39]","","account &amp; opportunity,complex Deal Structuring,IT Architecture,Project Management,Public Relations","2023-03-14 20:08:18","324","https://xpertopinion.be/wp-content/uploads/2023/03/xpert-marc-bervoets.jpg","","","https://www.linkedin.com/in/marc-bervoets-16850a/"
"2267","general","Guy De Poortere","Guy De Poortere is a great expert to provide a second opinion based on his experience in Operations, Procurement, Supply chain and Finance. He has more than 20 years of experience within global companies and multicultural teams by working and living abroad. He is a driver of change and process improvements, being progressive &amp; analytical. He inspires, motivates and develops organizations through people empowerment and innovation. He has strong communication skills and solid financial experience and compliance management. He always looks to create value for the customer and to increase shareholders’ value. He has worked as VP Purchasing at Proximus, Domo Chemicals, Alcoa<a class='ac-anchor sup-target' href='https://be.linkedin.com/in/guy-de-poortere-1227985' target='_blank' rel='noopener' data-citationid='4f7b67de-2a39-3c5c-ad04-542d5bc165bc-2' aria-label='Guy De Poortere - Founding Partner - GDP Global Solutions - LinkedIn'><sup>1</sup></a>.

Based on his experience, Guy De Poortere has proven successes in managing complex organizations and leading change. He has strong expertise in Operations, Procurement, Supply chain and Finance which makes him an expert in providing a second opinion.

&nbsp;

[booknetic staff=18]","","complex Deal Structuring,Corporate Strategy,Culture &amp; Diversity &amp; Inclusion,General Services,Procurement , RFI , RFP,...","2023-03-14 20:03:25","398","https://xpertopinion.be/wp-content/uploads/2023/03/xpert-guy-depoortere.jpg","","Xpert in Procurement and facility Services","https://www.linkedin.com/in/guy-de-poortere-1227985/"
"1836","general","Anette Bohm","Anette Bohm is a great expert to provide a second opinion because she has more than <strong>30 years</strong> of experience as a proactive and business-minded HR leader. She has steered organizations through complex transitions and built an empowered and talented workforce in cross-cultural environments and highly competitive markets. Her proven expertise in organizational structure and human capital requirements aligns HR functions with business goals, providing the catalyst to optimize performance, enhance productivity, and drive revenue and profit growth. Anette is a forward thinker and articulate communicator with an innate ability to embrace change. Her experience in steering organizations through complex transitions and building an empowered workforce makes her an expert in providing a second opinion.

&nbsp;

[booknetic staff=16]","","Change Management,Compen &amp; Ben,Culture &amp; Diversity &amp; Inclusion,Engagement,HR tooling,People Strategy,Sustainability","2023-03-09 20:06:29","386","https://xpertopinion.be/wp-content/uploads/2023/03/anette-bohm.jpg","","HR professional","https://www.linkedin.com/in/anettebohm/"
"1830","general","Ilse Vandevyvere","Ilse Vandevyvere is an expert in commercial engineering with a fast-growing track record in marketing, sales &amp; commercial functions. She is passionate about Agile &amp; Emotional Intelligence and loves taking on new business or people challenges. Her customers and team members are what get her happily out of bed in the morning. Her passion for her work is contagious and inspiring. She has a unique ability to see things from different perspectives and provide valuable insights that can help businesses grow and succeed. Her expertise in commercial engineering combined with her passion for Agile &amp; Emotional Intelligence makes her an excellent choice for providing a second opinion. She has a proven track record of success and has helped many businesses achieve their goals.

&nbsp;

Worked before at Proximus

&nbsp;

[booknetic staff=33]","","Channel Sales,Customer Experience,Funnel Analysis,Hybrid Working,Leadership Development,Remuneration &amp; Incentives,Sales Strategy,Sales Tooling,Value Selling","2023-03-09 19:55:56","370","https://xpertopinion.be/wp-content/uploads/2023/03/ilse-vandevijvere.jpg","","Sales and Market Professional","https://www.linkedin.com/in/ilse260484/"
"1827","general","Sabine Fannes","Sabine Fannes is a senior HR architect and certified coach with an eye and a heart for people. She is the founder of BeyondYou . Sabine has worked in former executive HR positions at RealDolmen, Clear2Pay, Logica, etc. She has a lot of experience in working like an architect in HR where she analyzes needs, creates plans, determines priorities and work points together with the team, and guides the project until delivery. Sabine is an expert in HR project management and personal/team development. Based on her experience and expertise, Sabine Fannes would be a great expert to provide a second opinion on your HR project .

&nbsp;

[booknetic staff=47]","","Change Management,Compen &amp; Ben,Hybrid Working,Learning and Talent Development,Social Relations","2023-03-09 19:44:40","274","https://xpertopinion.be/wp-content/uploads/2023/03/sabine-fannes.jpg","","","https://www.linkedin.com/in/sabinefannes/"
"1824","general","Edwin Van Waes","Edwin Van Waes is a great expert to give a second opinion on sales matters. He has a long and successful career in the commercial sector, where he has inspired and motivated teams to get the best out of themselves. He has a result-oriented mentality, where he always strives for high standards, integrity and respect. He leads by example and conveys his enthusiasm and positive mindset to others. He also has a large network of personal contacts, who help him achieve his goals. He is currently commercial director at a company that specializes in IT solutions. He has a degree in industrial sciences: electronics-ICT (industrial engineer) from the University of Antwerp. Edwin Van Waes is someone who knows what he is talking about and who can help you improve your sales performance.

&nbsp;

Former SVP Salesforce and Sales Director SAS

&nbsp;

[booknetic staff=71]","","account &amp; opportunity,Funnel Analysis,Remuneration &amp; Incentives,Sales Tooling,Value Selling","2023-03-09 19:38:48","311","https://xpertopinion.be/wp-content/uploads/2023/03/edwin-van-waes.jpg","","Experienced Commercial and Executive Manager","https://www.linkedin.com/in/edwinvanwaes/"
"1821","general","Dirk Debraekeleer","Dirk Debraekeleer is a seasoned leader who can help you take your organization and your people to the next level.

He has a wealth of experience in different industries, such as business-to-business, technology, ICT and media. He has been the CEO of Mediagenix, a leading software provider for media companies, and the CCO of RealDolmen, a major ICT integrator. He knows how to create sustainable value by building the right business-critical foundations. He can provide you with a second opinion on your strategy, vision and culture, and help you align them with your goals and values.

Dirk Debraekeleer is also a mentor who can guide you and your teams in your growth journey. He can inspire you to develop your leadership skills and potential, and to foster collaboration and innovation. If you are looking for an expert who can challenge you and support you in your transformation, Dirk Debraekeleer is the one you need.

&nbsp;

[booknetic staff=36]","","complex Deal Structuring,Corporate Strategy,ICT strategy &amp; Organization,M&amp;A / Due Dilligence,Sales Strategy","2023-03-09 19:31:31","327","https://xpertopinion.be/wp-content/uploads/2023/04/xpert-dirk-de-braekeleer.jpg","","","https://www.linkedin.com/in/dirk-debraekeleer-0b98972/"
"1350","general","Stephane Jacobs","Stephane Jacobs is a freelance mobility consultant and fin-tech entrepreneur with a Master’s degree in Transport Economics from the University of Antwerp. He has co-founded several innovative ventures in the fields of mobile parking, electronic meal vouchers, city gift cards and ship-to-shore facilities. He has also been managing director of Mobile-for, an affiliated company of Proximus and leading mobility service provider that offers traffic management and mobile payment solutions for the European market. Before that, he was senior manager at IBM Global Business Services and PWC, where he helped policy and decision makers with strategic decisions in various domains such as business strategy, performance improvement and investment analysis. He has extensive expertise in the public sector, public enterprises and ports, maritime and logistics sectors. Today, he is active as an external advisor of the Flemish Government regarding the transition towards zero emission transportation. Recently, he advised Mastercard regarding their in-car commerce strategy and Parking Brussels regarding their control processes. As an expert, he can provide a good second opinion on any mobility or fin-tech related cases.

His most important expertise, specializations and interests are related to:
• Business Strategy development and Implementation assistance;
• ICT-Strategy development and assistance;
• Audit of public and semi public organizations;
• Performance improvement;
• Process- and programme assistance;
• Investment analysis and socio-economic evaluation of huge investment projects;
• Public and private policy development and -evaluation;
• Preparation of alternative financing solutions;
• Location advise.
His market segment expertise is:
• The public sector domain (Benelux, Flemish and federal government);
• Public enterprises in transition;
• Ports, maritime and logistics sector.

Specialties: Transport &amp; (e)Mobility, Mobile Payments &amp; Fin-Tech start-ups

&nbsp;

[booknetic staff=1]
<div id='ConnectiveDocSignExtentionInstalled' data-extension-version='1.0.4'></div>","","(Fleet) Transition to Electric,Business Case Modelling,Financing &amp; Subsidies,Procurement , RFI , RFP,...","2023-02-24 22:58:54","390","https://xpertopinion.be/wp-content/uploads/2023/02/Stephane-zw-scaled-e1677279673470.jpg","","","https://www.linkedin.com/in/stephanejacobs/"
"1347","general","Stijn Vander Plaetse","Stijn Vander Plaetse is a former vice president and CEO with over two decades of experience in the telecommunications, cloud and IT industry. He has led both retail and wholesale businesses in developing and implementing effective marketing and corporate strategies that resulted in increased revenue and customer satisfaction. He has also transformed and repositioned several companies and organizations to cope with changing market dynamics and customer expectations. He is an optimistic and driven professional who sees every challenge as an opportunity and who strives to balance the interests of customers, employees and companies. He values knowledge sharing and teamwork as key factors for success. He is an expert who can offer a refreshing second opinion on any marketing or corporate strategy related issues in the telecommunications, cloud or IT sector. His extensive experience, combined with his straightforward approach to business and his ability to provide valuable insights and recommendations, make him a reliable partner and a valuable asset to any organization seeking sustainable growth

[booknetic staff=3]

&nbsp;","","Board Advisory,Branding,Business Ideas,Corporate Strategy,Go 2 Market,KPI / OKR / ESG,Product Management,Purpose,Sales Strategy","2023-02-24 22:55:51","440","https://xpertopinion.be/wp-content/uploads/2023/02/stjin.jpeg","https://vimeo.com/191813891","","https://www.linkedin.com/in/vanderplaetse/"
"1314","general","Inge Vandijck","Inge Vandijck is a sustainability advisor who can help you achieve your triple bottom line of people, planet and profit. She has over 20 years of experience in risk management, corporate social responsibility and environmental management.

She can provide you with a second opinion on your sustainability strategy, policies and practices, and help you identify and mitigate the risks and opportunities that come with being a responsible business. Inge Vandijck is passionate about creating positive impact for society and nature through her work.

She has worked with various sectors and organizations, from small businesses to multinational corporations, to help them improve their sustainability performance and reputation.

Inge is a certified implementer and trainer in the ISO 31000 Risk Management standard and follows a whole range of other standards, in order not to reinvent the wheel, including the ISO range of sustainability standards (14001 Environmental Management Systems, ISO 50001 Energy Management Systems, ISO 26000 Social Responsibility, ISO 20121: Sustainable Events Management, ISO 14064: Greenhouse Gas Accounting and Verification, ISO 14046: Water Footprint...)

If you are looking for a reliable and knowledgeable expert to provide you with a second opinion on your sustainability issues, Inge  is the one you need.

&nbsp;

[booknetic staff=42]","","ICT strategy &amp; Organization,Leadership Development,Learning and Talent Development,Renewable Energy,Sustainability","2023-02-23 05:37:24","341","https://xpertopinion.be/wp-content/uploads/2023/02/FB96EDA7-CD1A-460A-9002-DD47DA6A73A9.jpeg","","Security & Sustainability Xpert","https://www.linkedin.com/in/ingevandijck/"
"1307","general","Joost Rommelaere","<div class='feed-shared-inline-show-more-text feed-shared-update-v2__description feed-shared-inline-show-more-text--minimal-padding feed-shared-inline-show-more-text--expanded ' tabindex='-1' data-artdeco-is-focused='true'>
<div dir='ltr'>

Joost Rommelaere is a seasoned expert to give a second opinion on cyber security and digital transformation. He has more than 20 years of experience in various sectors, including the maritime industry, the chemical industry and consultancy<b>.</b> He has proven results by building customer-focused teams and managing changes carefully. He is pragmatic, innovative and passionate about his field. He can help you align your cyber security strategy with your business objectives and risks. If you are looking for a reliable and knowledgeable partner to support your digital transformation, then Joost Rommelaere is the right person for you.

</div>
<div class='update-components-text relative feed-shared-update-v2__commentary ' dir='ltr'><span class='break-words'><span dir='ltr'>Joost's areas of expertise are awareness, governance and resilience improvement. He has a long track record as a CIO in multinationals focusing on cybersecurity for critical infrastructure in the supply chain and the maritime sector. </span></span><span class='break-words'><span dir='ltr'>For the past 5 ½ years, he was the CIO of PSA Antwerp.
</span></span></div>
</div>
<div dir='ltr'></div>
<div dir='ltr'></div>
<div dir='ltr'>[booknetic staff=49]</div>","","Digital Transformation,ICT strategy &amp; Organization,ICT tooling,Security","2023-02-20 21:34:58","277","https://xpertopinion.be/wp-content/uploads/2023/02/83CF6A97-D568-4EE5-A325-6B6667CC308F.jpeg","","CISO & Security and Digital Transformation Xpert","https://www.linkedin.com/in/rommelaere/"
"1298","general","Isabel De Clerck","Isabel de Clercq is een geweldige expert om een tweede mening te geven over verschillende onderwerpen die te maken hebben met werk, welzijn en innovatie. Ze heeft meer dan 25 jaar ervaring als sales manager, change manager en content marketeer oa bij Wolters Kluwer België<a class='ac-anchor sup-target' href='https://readmylips.be/sprekers/isabel-de-clercq' target='_blank' rel='noopener' data-citationid='487aaafd-d96a-4bea-3d92-61e0a3d3a87e-2' aria-label='Isabel De Clercq | Read my lips'><sup>1</sup></a>. Ze is ook de auteur van verschillende boeken: Sproet, Gekruld en Het hybride werken. Ze is een veelgevraagd spreker over topics als kennisdeling, asynchrone samenwerking en het Hybride Werken<a class='ac-anchor sup-target' href='https://readmylips.be/sprekers/isabel-de-clercq' target='_blank' rel='noopener' data-citationid='487aaafd-d96a-4bea-3d92-61e0a3d3a87e-6' aria-label='Isabel De Clercq | Read my lips'><sup>1</sup></a>. Ze combineert een verfrissende visie met praktische oplossingen en een aanstekelijke enthousiasme. Ze weet hoe ze mensen kan inspireren en motiveren om anders te werken en te leren. Ze is niet bang om clichés onderuit te halen en een stevige ‘kick in the ass’ te geven<sup>1</sup>. Isabel de Clercq is de ideale persoon om u te helpen uw organisatie naar een hoger niveau te tillen

&nbsp;

https://www.connectsharelead.com

&nbsp;

[booknetic staff=23]","","Change Management,Hybrid Working,Leadership Development,Learning and Talent Development,LinkedIn : Marketing - Sales - Recrutement,Social Selling,Wellbeing","2023-02-20 21:07:12","356","https://xpertopinion.be/wp-content/uploads/2023/02/DED86A73-418D-4981-9EA3-FAE87A801B29.jpeg,https://xpertopinion.be/wp-content/uploads/2023/02/CE46BAC6-B7B7-44C4-9D41-8B80A948DEA2.jpeg,https://xpertopinion.be/wp-content/uploads/2023/02/9FF6C2C4-94D1-41C2-B0C7-38830214F25F.jpeg","https://www.youtube.com/watch?v=_om0c1PUPnU","","https://www.linkedin.com/in/isabeldeclercq/"
"1172","general","Ulrik Van Schepdael","Ulrik Van Schepdael is an expert in his field with a broad technology background and business acumen that drives and manages the success of an ICT company. He is an effective communicator who is creative and target-oriented. His specialties include leading high-tech businesses, managing the 4 P’s, innovation management, and strategic agility. Ulrik’s expertise in these areas makes him an ideal candidate to provide a second opinion. His ability to communicate effectively and his creativity make him a valuable asset to any team. Ulrik’s target-oriented approach ensures that he always delivers results that exceed expectations. His broad technology background combined with his business acumen makes him a valuable asset to any organization. Ulrik Van Schepdael is truly an expert in his field and a great choice for anyone seeking a second opinion

&nbsp;

[booknetic staff=14]","","Business Ideas,Lead Generation,M&amp;A / Due Dilligence,Product Management,Startup &amp; Scaling","2023-02-11 21:25:57","295","https://xpertopinion.be/wp-content/uploads/2023/02/6B149784-AC3C-43B8-A5EF-361BF969C79F.jpeg","","","https://www.linkedin.com/in/ulrikvanschepdael/"
"1166","general","Walter Van Uytven","<a class='tooltip-target' data-citationid='c8997519-6496-08a8-9ccf-12fb93e12444-2-group'>Walter Van Uytven is a professional with a passion for developing startups by streamlining their structure and commercial organization and by doing so let them grow into an open network of other companies</a><a class='ac-anchor sup-target' href='https://be.linkedin.com/in/waltervanuytven' target='_blank' rel='noopener' data-citationid='c8997519-6496-08a8-9ccf-12fb93e12444-2' aria-label='Walter Van Uytven - Leuven, Flemish Region, Belgium | Professional ...'><sup>1</sup></a>. <a class='tooltip-target' data-citationid='c8997519-6496-08a8-9ccf-12fb93e12444-4-group'>He has acquired experience and contacts during his career of setting up an ICT Integrator, an ICT buying group, an ICT channel and cloud division for a large incumbent telecom provider and finally … a world-class Belgian scale-up</a>

He's your xpert for business ideas, scaling, channel marketing and channel sales

&nbsp;

[booknetic staff=35]","","Channel Sales,Cloud Services,Go 2 Market,Sales Strategy,Startup &amp; Scaling","2023-02-11 21:16:56","295","https://xpertopinion.be/wp-content/uploads/2023/02/0B788A1F-B783-45C6-89F7-6D75C4046CAC.jpeg","https://www.youtube.com/watch?v=YyuHdN14-W8","","https://www.linkedin.com/in/waltervanuytven/"
"1157","general","Michel De Coster","<div dir='ltr' data-removefontsize='true' data-originalcomputedfontsize='16'>
<div>
<div>
<div>
<div data-removefontsize='true' data-originalcomputedfontsize='16'>
<div dir='auto'>

Michel De Coster is a seasoned executive, executive coach, and board member with extensive experience working in the Information and Communications Industry. With a Master's degree in Political and Social Sciences from VUB.

Michel has a demonstrated history of working with various boards and providing refreshing ideas and second opinions to help organizations achieve their goals. He has held executive roles at BT, SFR, Colt, and Belgacom, where he successfully led the development and implementation of corporate strategies and sales divisions.

Michel's no-nonsense approach to business makes him an ideal candidate for organizations seeking expert guidance in leadership development and sales strategy. His vast experience in the industry, combined with his ability to provide valuable insights and recommendations, has made him a trusted advisor to many organizations.

Michel's expertise in board advisory, corporate strategy, leadership development, sales strategy, and sales objectives, coupled with his exceptional communication and broad hands-on experiences, make him a valuable asset to any organization seeking to enhance its business operations and achieve sustainable growth.

</div>
</div>
</div>
</div>
</div>
</div>
<blockquote>
<div dir='ltr' data-removefontsize='true' data-originalcomputedfontsize='16'>
<div>
<div>
<blockquote>
<div>
<div data-removefontsize='true' data-originalcomputedfontsize='16'>
<div dir='auto'>
<p dir='auto' data-removefontsize='true' data-originalcomputedfontsize='16'></p>

</div>
</div>
</div></blockquote>
</div>
</div>
</div></blockquote>
[booknetic staff=4]","","M&amp;A / Due Dilligence,Sales Strategy","2023-02-10 18:28:44","523","https://xpertopinion.be/wp-content/uploads/2023/03/xpert-michel2.jpg","https://www.youtube.com/watch?v=6JIr12jrpfs","","https://www.linkedin.com/in/michel-de-coster-9936b846/"
